HipCenter X,HipCenter Y,HipCenter Z,Spine X,Spine Y,Spine Z,ShoulderCenter X,ShoulderCenter Y,ShoulderCenter Z,Head X,Head Y,Head Z,ShoulderLeft X,ShoulderLeft Y,ShoulderLeft Z,ElbowLeft X,ElbowLeft Y,ElbowLeft Z,WristLeft X,WristLeft Y,WristLeft Z,HandLeft X,HandLeft Y,HandLeft Z,ShoulderRight X,ShoulderRight Y,ShoulderRight Z,ElbowRight X,ElbowRight Y,ElbowRight Z,WristRight X,WristRight Y,WristRight Z,HandRight X,HandRight Y,HandRight Z,HipLeft X,HipLeft Y,HipLeft Z,KneeLeft X,KneeLeft Y,KneeLeft Z,AnkleLeft X,AnkleLeft Y,AnkleLeft Z,FootLeft X,FootLeft Y,FootLeft Z,HipRight X,HipRight Y,HipRight Z,KneeRight X,KneeRight Y,KneeRight Z,AnkleRight X,AnkleRight Y,AnkleRight Z,FootRight X,FootRight Y,FootRight Z
0.00819521,-0.177423,0.86511,-0.00356777,-0.12655,1.17631,-0.0160338,-0.0798019,1.40535,0.0192579,-0.0533171,1.61669,-0.184825,-0.0546967,1.36722,-0.293658,-0.11375,1.16085,-0.336851,-0.0139135,0.900174,-0.327324,-0.0241078,0.837401,0.15355,-0.0753974,1.35087,0.229339,-0.171462,1.08602,0.25448,-0.095005,0.87736,0.25994,-0.0806841,0.795244,-0.077244,-0.148579,0.869236,-0.162034,0.0506858,0.472862,-0.146979,0.149849,0.163769,-0.189342,0.283634,0.09449,0.0574578,-0.13151,0.863899,0.09419,-0.232285,0.508197,-0.00306501,-0.416005,0.152623,-0.00201729,-0.378905,0.0334319
0.00763058,-0.159485,0.865036,-0.00575395,-0.107402,1.17328,-0.0194188,-0.0611929,1.40003,0.0157133,-0.0270257,1.61093,-0.186581,-0.0372008,1.3627,-0.302078,-0.0806861,1.15325,-0.342411,-0.00489616,0.898205,-0.349752,0.000453169,0.822182,0.154652,-0.0507503,1.34368,0.222629,-0.132155,1.08186,0.257346,-0.0690808,0.864491,0.256698,-0.0536992,0.785293,-0.0772726,-0.133533,0.869377,-0.143985,0.0691604,0.48058,-0.142548,0.210948,0.171155,-0.191746,0.351495,0.114011,0.0561648,-0.110576,0.863614,0.0995187,-0.200908,0.567166,0.0228593,-0.38236,0.205503,0.0109136,-0.248281,0.15925
0.00732899,-0.118965,0.857513,-0.00969303,-0.0636025,1.16222,-0.0263616,-0.014674,1.38606,0.000236429,0.0200422,1.59746,-0.191857,0.00131398,1.34612,-0.311993,-0.050577,1.1395,-0.351362,0.0142541,0.884294,-0.359873,0.028248,0.809623,0.146403,-0.00475075,1.33143,0.222784,-0.0878059,1.07097,0.248895,-0.0393168,0.852565,0.24977,-0.0149957,0.779151,-0.0800379,-0.0922099,0.861143,-0.14243,0.112062,0.470666,-0.150508,0.23832,0.169202,-0.188951,0.381668,0.112606,0.0580035,-0.0713506,0.857053,0.104236,-0.180817,0.570866,0.0338074,-0.373129,0.214117,0.0195971,-0.239408,0.167221
0.000631121,-0.0883256,0.8504,-0.0182832,-0.0346679,1.15489,-0.0360472,0.0125748,1.37883,-0.0136282,0.0546858,1.58488,-0.203062,0.0308182,1.33499,-0.315533,-0.0324716,1.1307,-0.366606,0.0459845,0.867345,-0.372607,0.052761,0.80291,0.13834,0.0242181,1.32744,0.221405,-0.0616652,1.06826,0.241038,0.012532,0.841504,0.243781,0.0219092,0.777764,-0.0869349,-0.0639322,0.855024,-0.138951,0.151145,0.466108,-0.152402,0.264127,0.152457,-0.189123,0.404587,0.0992441,0.0514333,-0.038251,0.849094,0.105192,-0.159988,0.571971,0.0396185,-0.362165,0.220277,0.0256787,-0.228324,0.173627
0.00420042,-0.0485967,0.84238,-0.0242754,0.0120485,1.14712,-0.0498092,0.0633284,1.37157,-0.0301758,0.104163,1.5831,-0.210075,0.0693363,1.32731,-0.32866,0.0114704,1.1088,-0.371006,0.0619973,0.864545,-0.380145,0.0780706,0.78958,0.13206,0.0655835,1.32514,0.208212,-0.0100397,1.06879,0.236646,0.0560549,0.85373,0.233247,0.0693146,0.786193,-0.0856962,-0.0205339,0.848809,-0.149108,0.189147,0.470346,-0.151794,0.272686,0.162466,-0.186839,0.406187,0.092812,0.0567116,-0.00224478,0.839684,0.108017,-0.124812,0.562503,0.0448153,-0.344147,0.221597,0.0300487,-0.210881,0.174023
-0.00706458,-0.00584185,0.839381,-0.0342057,0.0411571,1.14387,-0.0585365,0.0856745,1.36793,-0.0428289,0.137795,1.57837,-0.220924,0.0994897,1.32422,-0.330421,0.0340607,1.10863,-0.379685,0.0939843,0.854776,-0.384733,0.103556,0.782425,0.114664,0.113468,1.32722,0.205061,0.0177223,1.06948,0.227128,0.102335,0.850988,0.224807,0.110924,0.783147,-0.096694,0.0154841,0.844983,-0.153127,0.233805,0.477896,-0.152667,0.276427,0.160788,-0.185977,0.404313,0.091252,0.0453485,0.046847,0.837712,0.101336,-0.0870467,0.569054,0.0464889,-0.321359,0.237596,0.0265089,-0.187323,0.191485
-0.012344,0.0278575,0.84162,-0.0449827,0.0845454,1.14652,-0.0732453,0.133135,1.37054,-0.0590555,0.180299,1.58416,-0.227795,0.127749,1.32674,-0.337884,0.0702762,1.10448,-0.3788,0.10754,0.851409,-0.385337,0.1236,0.779992,0.108734,0.139047,1.33017,0.191916,0.0639112,1.07609,0.217965,0.131359,0.854672,0.215176,0.152763,0.790644,-0.102307,0.0512708,0.846105,-0.15934,0.251699,0.485536,-0.153378,0.281806,0.15531,-0.183965,0.404991,0.0889636,0.0399916,0.0784442,0.840823,0.0989765,-0.0554386,0.535504,0.0302309,-0.315435,0.227494,0.0112424,-0.181961,0.180412
-0.0111369,0.0622726,0.84725,-0.0481201,0.112005,1.15025,-0.0791069,0.157804,1.37321,-0.0691742,0.203291,1.58667,-0.238455,0.158674,1.32964,-0.338255,0.0911486,1.1067,-0.381485,0.144379,0.853079,-0.384113,0.149527,0.780605,0.0929518,0.189987,1.33858,0.189715,0.0977722,1.08058,0.207331,0.184778,0.874268,0.204503,0.197627,0.803339,-0.100848,0.0789773,0.850059,-0.162612,0.270008,0.493132,-0.152858,0.285869,0.154849,-0.181991,0.403232,0.088617,0.040418,0.119915,0.848269,0.0922246,0.0023808,0.568082,0.0389114,-0.262264,0.261418,0.0136912,-0.128925,0.214556
-0.0122619,0.0848709,0.853323,-0.0511895,0.138383,1.15775,-0.0839176,0.185351,1.38134,-0.0837598,0.245356,1.59554,-0.247048,0.189724,1.33754,-0.340333,0.124534,1.11026,-0.379917,0.170101,0.867885,-0.382313,0.176818,0.789938,0.0872083,0.21277,1.3431,0.179852,0.13697,1.10001,0.19809,0.215439,0.889997,0.193697,0.238517,0.816915,-0.100216,0.105418,0.85696,-0.166769,0.278924,0.491745,-0.151551,0.294443,0.150914,-0.180294,0.405134,0.0860898,0.0377343,0.138197,0.853229,0.0801065,0.0305797,0.565082,0.0296241,-0.236011,0.259806,0.00684372,-0.102637,0.212695
-0.019092,0.12144,0.862477,-0.0605611,0.175343,1.16812,-0.0953825,0.223342,1.39276,-0.08717,0.269332,1.60801,-0.251884,0.206716,1.34228,-0.344202,0.15292,1.12385,-0.378036,0.197683,0.8704,-0.379362,0.21116,0.797821,0.082525,0.244775,1.35173,0.175235,0.169491,1.1205,0.189844,0.259505,0.896506,0.185313,0.275933,0.823291,-0.108846,0.140818,0.865726,-0.16917,0.286259,0.496257,-0.151498,0.296633,0.153774,-0.179814,0.405214,0.0857642,0.0322475,0.175468,0.862488,0.0724418,0.0750046,0.564905,0.013575,-0.193095,0.262211,-0.0135184,-0.0602398,0.214786
-0.0209778,0.135687,0.865537,-0.0619228,0.189391,1.17173,-0.0962722,0.236864,1.39661,-0.0911249,0.292752,1.61585,-0.256145,0.234345,1.35119,-0.34535,0.173254,1.13123,-0.375781,0.234927,0.871572,-0.373032,0.243022,0.804909,0.080534,0.262061,1.35989,0.172721,0.187683,1.12758,0.186449,0.278062,0.907038,0.179055,0.312205,0.842296,-0.111336,0.158472,0.869998,-0.171217,0.292787,0.505137,-0.1505,0.297383,0.154251,-0.178781,0.404473,0.0856484,0.0307361,0.186705,0.864475,0.0694398,0.0898533,0.558911,0.00974937,-0.172559,0.251145,-0.0143253,-0.0393105,0.204075
-0.0204708,0.157197,0.870298,-0.0624245,0.211593,1.1779,-0.0975318,0.259647,1.40382,-0.0915071,0.311581,1.62193,-0.257797,0.259226,1.36032,-0.345291,0.199562,1.1421,-0.375092,0.280243,0.894735,-0.371507,0.286945,0.821022,0.0805683,0.282709,1.36844,0.171991,0.212226,1.12755,0.185648,0.309672,0.919093,0.178929,0.339544,0.853324,-0.110022,0.180587,0.874031,-0.170413,0.299561,0.515677,-0.15031,0.296519,0.155688,-0.178016,0.402687,0.0854276,0.0302398,0.207041,0.869667,0.0636772,0.120899,0.544163,0.0586798,-0.00163906,0.26805,0.034649,0.131056,0.221016
-0.0223741,0.183983,0.877534,-0.0649733,0.237588,1.18558,-0.100525,0.284959,1.4117,-0.0933015,0.344817,1.62934,-0.261944,0.282103,1.36726,-0.34802,0.227073,1.15515,-0.374559,0.311632,0.897378,-0.3662,0.325396,0.828403,0.0782783,0.302844,1.37691,0.166446,0.232492,1.13426,0.181123,0.342605,0.937509,0.176973,0.37407,0.868829,-0.110259,0.20449,0.879962,-0.17006,0.302298,0.51921,-0.149849,0.295399,0.155538,-0.178422,0.402168,0.0846754,0.0261783,0.236935,0.878188,0.0577343,0.148122,0.535424,0.0681115,0.0261307,0.25982,0.0447456,0.158871,0.213067
-0.0227483,0.200112,0.882395,-0.0646074,0.251699,1.19015,-0.0996795,0.297679,1.41602,-0.0918016,0.359982,1.63163,-0.262468,0.303382,1.37162,-0.355166,0.26351,1.16774,-0.368195,0.34879,0.90669,-0.365056,0.364653,0.83849,0.0783232,0.317314,1.38181,0.162453,0.24684,1.13937,0.181781,0.351173,0.940348,0.1788,0.392563,0.870749,-0.110413,0.223388,0.885619,-0.171013,0.304512,0.521545,-0.148691,0.29154,0.158762,-0.178525,0.397559,0.0846201,0.0255915,0.250118,0.882086,0.0517808,0.182044,0.53085,0.0561605,0.0694165,0.247067,0.0347113,0.202342,0.20095
-0.0242047,0.222915,0.885185,-0.0648197,0.274987,1.19444,-0.0989344,0.321255,1.42139,-0.0888663,0.379455,1.63811,-0.263696,0.330702,1.37767,-0.355283,0.278108,1.16981,-0.366385,0.370664,0.929419,-0.362623,0.403637,0.84796,0.0789351,0.330474,1.38442,0.161703,0.259686,1.14162,0.181426,0.368258,0.944729,0.17871,0.411963,0.877366,-0.112465,0.250058,0.887269,-0.171083,0.305674,0.52124,-0.149198,0.289054,0.160028,-0.178918,0.398484,0.0838198,0.0244831,0.269065,0.885696,0.0337434,0.223317,0.512727,0.0510953,0.102032,0.136139,0.0757686,0.171097,0.0685176
-0.0230135,0.237045,0.885766,-0.063854,0.287882,1.19605,-0.0981415,0.333253,1.42366,-0.0852453,0.398012,1.63846,-0.261637,0.347224,1.37863,-0.35576,0.311468,1.17703,-0.36529,0.406512,0.942944,-0.359734,0.440447,0.85917,0.0816182,0.341793,1.38527,0.158832,0.272929,1.14418,0.180879,0.380224,0.947008,0.179453,0.424751,0.877799,-0.111085,0.265281,0.886547,-0.165456,0.306466,0.512029,-0.149092,0.288838,0.160416,-0.176149,0.388783,0.0836914,0.025353,0.28183,0.887554,0.0266735,0.242572,0.461721,0.0281499,0.156085,0.147779,0.0533112,0.234827,0.0856293
-0.0211428,0.258296,0.888442,-0.0614967,0.307336,1.19858,-0.0954891,0.351311,1.42607,-0.0812485,0.417257,1.63974,-0.261193,0.366908,1.3799,-0.352068,0.322422,1.17119,-0.370692,0.456869,0.949461,-0.356589,0.48046,0.866074,0.0843177,0.355903,1.38633,0.158787,0.284851,1.14688,0.179982,0.390385,0.947228,0.182386,0.433734,0.878964,-0.109582,0.287642,0.888408,-0.162887,0.307684,0.502994,-0.148845,0.288483,0.160142,-0.174576,0.385088,0.0840658,0.0273055,0.301707,0.891065,0.0325222,0.276998,0.483507,0.0246626,0.195127,0.141572,0.0306872,0.285384,0.0787304
-0.0209151,0.280508,0.889708,-0.0600107,0.326475,1.19964,-0.0931894,0.368292,1.42696,-0.0771566,0.431215,1.64266,-0.259434,0.38808,1.38046,-0.347599,0.354586,1.17238,-0.370912,0.47485,0.971652,-0.354691,0.519561,0.879483,0.0863972,0.367718,1.38754,0.159526,0.298399,1.14654,0.18038,0.399031,0.946138,0.181359,0.441903,0.878562,-0.109574,0.309979,0.889,-0.163627,0.309277,0.50107,-0.147761,0.288652,0.16129,-0.173554,0.383874,0.0848939,0.0275102,0.323611,0.89306,0.0321439,0.313468,0.490389,0.0302418,0.255341,0.152158,0.0330146,0.345994,0.0803268
-0.0189488,0.297723,0.89008,-0.0577311,0.342476,1.20098,-0.0906461,0.383234,1.42892,-0.0705457,0.446429,1.64451,-0.252038,0.406968,1.38152,-0.351701,0.38762,1.17991,-0.361482,0.502221,0.971639,-0.348141,0.555236,0.882113,0.086657,0.38699,1.38698,0.15999,0.31234,1.14155,0.181415,0.408273,0.939242,0.184116,0.445471,0.873459,-0.108421,0.328886,0.887714,-0.163502,0.310967,0.501193,-0.146741,0.289238,0.162206,-0.170698,0.382215,0.0858335,0.030007,0.339252,0.894979,0.0342641,0.346374,0.498875,0.026207,0.293696,0.147309,0.0386538,0.373647,0.0806409
-0.0186493,0.315376,0.889972,-0.0549484,0.35971,1.20172,-0.0859585,0.40033,1.4303,-0.0655404,0.457387,1.64515,-0.246789,0.421778,1.38081,-0.351486,0.403541,1.18136,-0.356837,0.532809,0.978779,-0.343816,0.586351,0.890036,0.0917434,0.397235,1.38864,0.161433,0.318864,1.14102,0.18191,0.414487,0.937993,0.183816,0.450303,0.866109,-0.10857,0.347735,0.88712,-0.162494,0.314685,0.50066,-0.146497,0.289612,0.162395,-0.173431,0.388094,0.0839132,0.0305448,0.355355,0.895428,0.0361453,0.370049,0.500645,0.0302758,0.325925,0.133535,0.0471422,0.418572,0.0788634
-0.0157053,0.337563,0.889845,-0.0500645,0.378169,1.20222,-0.0798676,0.416131,1.43116,-0.056653,0.47784,1.64506,-0.242531,0.438469,1.38024,-0.35477,0.441356,1.18196,-0.353772,0.555472,0.980739,-0.336653,0.61742,0.895486,0.0974874,0.412247,1.38957,0.164197,0.33461,1.13885,0.182394,0.421209,0.932542,0.183038,0.455853,0.861343,-0.105896,0.373183,0.886142,-0.159073,0.326028,0.505078,-0.146533,0.290343,0.16359,-0.173698,0.387863,0.0850697,0.0334299,0.374342,0.896121,0.0381065,0.399131,0.507002,0.0309738,0.350646,0.139337,0.046156,0.43264,0.0758512
-0.0119882,0.354417,0.889992,-0.0459246,0.393054,1.20349,-0.0753984,0.429307,1.43317,-0.0503056,0.488228,1.64497,-0.23514,0.456972,1.38368,-0.346113,0.446194,1.18613,-0.341195,0.591382,0.979612,-0.33224,0.642993,0.900186,0.103611,0.426559,1.38933,0.167273,0.347395,1.13701,0.184054,0.425842,0.927763,0.188359,0.456813,0.857904,-0.102596,0.38806,0.886257,-0.158196,0.340702,0.497644,-0.14595,0.290848,0.163062,-0.17339,0.387768,0.0853338,0.037301,0.392812,0.896402,0.0399222,0.414468,0.504183,0.0297712,0.363288,0.144981,0.0431473,0.449855,0.0839025
-0.00343468,0.381485,0.888952,-0.0381923,0.413936,1.20358,-0.0682246,0.445955,1.43395,-0.0394381,0.507202,1.64602,-0.228337,0.471277,1.38318,-0.340889,0.469139,1.18541,-0.339361,0.605308,0.983932,-0.328286,0.665925,0.904866,0.11518,0.437388,1.39025,0.174039,0.365909,1.13129,0.189394,0.435708,0.919349,0.190355,0.461082,0.851737,-0.0935874,0.4172,0.885925,-0.157633,0.375299,0.501462,-0.144478,0.296891,0.165823,-0.173795,0.387823,0.0861436,0.0449558,0.417536,0.894801,0.0440208,0.430596,0.503633,0.0325849,0.373834,0.139203,0.0447767,0.459602,0.0772727
0.00534649,0.398885,0.888018,-0.0286222,0.429114,1.20286,-0.0581626,0.459107,1.43347,-0.0312673,0.514629,1.64515,-0.21969,0.487258,1.38362,-0.334727,0.476447,1.18818,-0.337069,0.615742,0.986994,-0.32214,0.681371,0.904767,0.123845,0.457202,1.38786,0.18247,0.382275,1.12435,0.19238,0.448008,0.910873,0.191489,0.474206,0.837736,-0.0861417,0.433983,0.885435,-0.153403,0.402412,0.483012,-0.142468,0.304083,0.163408,-0.173471,0.388515,0.0867368,0.0547188,0.435267,0.893414,0.04739,0.438351,0.502563,0.0335825,0.377572,0.138237,0.0453135,0.463281,0.0761133
0.0151716,0.419951,0.885865,-0.0191736,0.446717,1.20036,-0.0489528,0.474147,1.4308,-0.0207668,0.526966,1.64308,-0.212785,0.49937,1.38329,-0.32629,0.489155,1.18692,-0.332789,0.627412,0.987608,-0.320151,0.69373,0.90428,0.133082,0.470053,1.38554,0.188071,0.394599,1.12171,0.19492,0.46238,0.90467,0.19827,0.486001,0.832791,-0.0761405,0.456553,0.883692,-0.158375,0.453873,0.484261,-0.142873,0.32192,0.156196,-0.173928,0.396408,0.0815613,0.0638772,0.45458,0.890958,0.0520319,0.446472,0.499147,0.0342313,0.379778,0.139477,0.0457807,0.463909,0.0761781
0.0225028,0.447403,0.884238,-0.0106159,0.467764,1.19973,-0.0396685,0.490907,1.43073,-0.00584991,0.540629,1.64248,-0.206447,0.511014,1.38382,-0.317466,0.501486,1.18601,-0.330319,0.636687,0.986549,-0.316447,0.699314,0.899937,0.143653,0.48783,1.38382,0.196382,0.416654,1.11987,0.19774,0.470413,0.902849,0.201149,0.500482,0.828478,-0.0691764,0.481725,0.883715,-0.156189,0.502472,0.491859,-0.14599,0.33853,0.151786,-0.17478,0.410473,0.0757795,0.0710772,0.484105,0.887592,0.0545797,0.454609,0.495499,0.0357808,0.383666,0.140127,0.0473176,0.464273,0.0745151
0.0250984,0.467101,0.88333,-0.00408095,0.487286,1.19924,-0.0299316,0.509849,1.43058,0.00557809,0.559536,1.64238,-0.199564,0.526814,1.38461,-0.299809,0.519199,1.18125,-0.326338,0.645235,0.982895,-0.315978,0.70422,0.893168,0.150395,0.504997,1.37788,0.201507,0.433141,1.11604,0.203214,0.486815,0.895529,0.209136,0.514359,0.821065,-0.066968,0.500952,0.883488,-0.153555,0.540447,0.497127,-0.152173,0.378799,0.143068,-0.168927,0.445785,0.0646925,0.0737534,0.503928,0.886115,0.0587793,0.468195,0.487049,0.0385752,0.386601,0.140031,0.046962,0.463546,0.0710786
0.0284548,0.487015,0.883705,0.00105429,0.504678,1.1993,-0.0236747,0.525194,1.43042,0.0137518,0.571508,1.64555,-0.191118,0.546808,1.3831,-0.291945,0.527767,1.18167,-0.318595,0.662239,0.967447,-0.313937,0.704343,0.885303,0.158418,0.524426,1.37461,0.210432,0.463805,1.10131,0.208929,0.503485,0.882397,0.215078,0.533535,0.812946,-0.0636789,0.521543,0.884947,-0.166435,0.596022,0.514896,-0.149204,0.412801,0.14897,-0.175232,0.491567,0.0761956,0.0768705,0.523052,0.885487,0.0636193,0.480117,0.478977,0.0387177,0.387527,0.139714,0.0474337,0.464512,0.070864
0.0308925,0.508726,0.883437,0.00559864,0.527222,1.20013,-0.0174524,0.548168,1.43204,0.0245731,0.599847,1.64437,-0.185024,0.566161,1.38314,-0.286515,0.547038,1.17343,-0.30908,0.667902,0.948764,-0.304805,0.698904,0.871885,0.166014,0.548159,1.36865,0.211929,0.483187,1.10774,0.21529,0.527388,0.889643,0.222248,0.558458,0.813391,-0.0614549,0.541663,0.886771,-0.163954,0.626184,0.519346,-0.140029,0.476395,0.141198,-0.177559,0.558236,0.0723501,0.0792044,0.546319,0.882982,0.068825,0.488524,0.473236,0.0395122,0.393533,0.139552,0.0492381,0.472188,0.0720034
0.0363458,0.526394,0.88041,0.0110048,0.549182,1.19817,-0.0122382,0.573602,1.43099,0.0289159,0.61937,1.64397,-0.182509,0.588136,1.38356,-0.282587,0.56278,1.16918,-0.305603,0.673508,0.934839,-0.28542,0.688126,0.859448,0.164195,0.579669,1.36641,0.218771,0.516662,1.09077,0.229786,0.568829,0.874629,0.230741,0.58287,0.811802,-0.0560061,0.556117,0.884588,-0.161151,0.675102,0.500163,-0.134466,0.557745,0.149528,-0.147754,0.625803,0.0723575,0.0841842,0.567048,0.879224,0.0825257,0.522798,0.503844,0.0429248,0.41178,0.130514,0.0519056,0.484392,0.0597122
0.0359988,0.546246,0.876349,0.0127429,0.572046,1.19498,-0.00881659,0.598488,1.4284,0.0355703,0.645328,1.64121,-0.179005,0.612771,1.37938,-0.281454,0.581641,1.16698,-0.303164,0.680671,0.91728,-0.281895,0.685588,0.855125,0.162383,0.60496,1.36483,0.222404,0.531978,1.0914,0.234053,0.585627,0.875596,0.236128,0.612114,0.812358,-0.0556251,0.573542,0.880123,-0.160778,0.711258,0.511354,-0.134094,0.636574,0.143965,-0.166531,0.723312,0.0780089,0.0828556,0.588985,0.875895,0.0877736,0.523881,0.496124,0.0670274,0.435993,0.152717,0.0683117,0.507401,0.0755304
0.0321294,0.566605,0.874703,0.0114466,0.600362,1.19079,-0.00780558,0.633682,1.4217,0.0349607,0.68251,1.63688,-0.178559,0.645699,1.37257,-0.277775,0.599777,1.15439,-0.305189,0.686559,0.911552,-0.28405,0.691268,0.843438,0.162312,0.642385,1.36353,0.223692,0.56374,1.0881,0.237345,0.618976,0.872785,0.237318,0.644314,0.811445,-0.0595476,0.595356,0.878517,-0.157779,0.750383,0.513061,-0.133419,0.726469,0.146289,-0.165778,0.825145,0.0780666,0.0789634,0.607671,0.874255,0.0965883,0.542574,0.512852,0.0741439,0.460414,0.184888,0.0555149,0.592768,0.143142
0.0232396,0.592098,0.867543,0.00570906,0.62909,1.18374,-0.01157,0.663447,1.41522,0.0302864,0.716292,1.6285,-0.17963,0.670852,1.36562,-0.277981,0.619748,1.14388,-0.312737,0.69468,0.910693,-0.292238,0.698891,0.833504,0.160463,0.671005,1.35776,0.224357,0.593953,1.08572,0.238595,0.65611,0.871999,0.239412,0.678043,0.806838,-0.068114,0.617903,0.871751,-0.142564,0.795824,0.476241,-0.140312,0.830115,0.145541,-0.175168,0.929503,0.0757635,0.0696232,0.636164,0.866923,0.103574,0.578572,0.554948,0.0326909,0.411328,0.183894,0.0137109,0.544015,0.141761
0.0197845,0.611135,0.86522,0.00266085,0.657554,1.17761,-0.014489,0.700746,1.40536,0.0222106,0.763666,1.61769,-0.183088,0.705592,1.35425,-0.28124,0.643681,1.13672,-0.322765,0.710305,0.904402,-0.315034,0.719092,0.823855,0.16341,0.70282,1.34998,0.223526,0.627383,1.08187,0.239216,0.689719,0.868341,0.239347,0.709609,0.80358,-0.0705304,0.6339,0.870337,-0.138831,0.817227,0.486367,-0.140135,0.897949,0.149365,-0.169661,1.02163,0.0774339,0.0648122,0.658177,0.863657,0.125193,0.597591,0.559209,0.0566709,0.424792,0.190438,0.0382169,0.556496,0.146608
0.025649,0.633119,0.861862,0.00360513,0.686154,1.17089,-0.0183649,0.732996,1.39663,0.0158222,0.79368,1.61187,-0.186029,0.737224,1.34697,-0.289825,0.674241,1.12957,-0.335696,0.730594,0.885198,-0.335109,0.738696,0.809561,0.157984,0.741732,1.34174,0.224988,0.657693,1.08175,0.238929,0.715894,0.867058,0.239054,0.739801,0.795123,-0.0635801,0.657056,0.864091,-0.146873,0.831155,0.565721,-0.146227,0.965135,0.165872,-0.177815,1.09607,0.096641,0.0693933,0.678754,0.863126,0.12731,0.611124,0.560443,0.0507687,0.431598,0.196466,0.0301785,0.562831,0.151671
0.0123459,0.681281,0.857753,-0.00883138,0.73238,1.16317,-0.029374,0.777077,1.38681,0.00181853,0.841513,1.5977,-0.192287,0.77838,1.33234,-0.297716,0.701558,1.12413,-0.348215,0.757007,0.869494,-0.352673,0.763303,0.79991,0.152105,0.779204,1.33991,0.221521,0.704887,1.07305,0.238429,0.755613,0.857172,0.238009,0.77268,0.792151,-0.0815862,0.704152,0.857518,-0.15118,0.85515,0.547196,-0.144065,1.01593,0.156773,-0.171045,1.15286,0.0956024,0.0604008,0.726978,0.861957,0.127568,0.63363,0.572826,0.0548222,0.444381,0.213381,0.0355179,0.575805,0.168695
0.0136388,0.706028,0.853365,-0.0135009,0.7621,1.15616,-0.0396709,0.812129,1.37718,-0.0086576,0.874947,1.5916,-0.202389,0.810102,1.32396,-0.306273,0.731824,1.10507,-0.354364,0.772249,0.858829,-0.362637,0.784082,0.787925,0.149689,0.81051,1.33663,0.220042,0.736091,1.06944,0.236098,0.791476,0.854354,0.238077,0.806435,0.793268,-0.0792913,0.726854,0.854115,-0.152807,0.8987,0.552954,-0.140093,1.03708,0.154907,-0.159038,1.17397,0.0939111,0.0601657,0.754358,0.8566,0.133087,0.674204,0.563675,0.0713702,0.468763,0.212064,0.0521009,0.599398,0.166412
0.00140067,0.754776,0.84608,-0.027994,0.808316,1.14922,-0.0542115,0.853678,1.3712,-0.0279031,0.92298,1.58606,-0.211882,0.842286,1.31787,-0.31427,0.76464,1.0901,-0.365055,0.801734,0.842788,-0.369656,0.804717,0.772361,0.135495,0.860031,1.33014,0.215597,0.777305,1.07183,0.23741,0.82547,0.856034,0.239474,0.841564,0.792622,-0.0913148,0.776348,0.849882,-0.157322,0.951009,0.548834,-0.142205,1.02714,0.187566,-0.159032,1.1519,0.111064,0.0474514,0.801381,0.846767,0.140829,0.713634,0.565424,0.0873248,0.490552,0.224209,0.0627689,0.621386,0.179002
0.019209,0.78478,0.837101,-0.0247509,0.834957,1.14352,-0.0611739,0.883658,1.3667,-0.0426333,0.955009,1.58213,-0.221576,0.882113,1.31455,-0.322543,0.799854,1.07937,-0.368969,0.819039,0.834193,-0.374071,0.829046,0.760096,0.127824,0.887628,1.33211,0.211721,0.807874,1.07307,0.236108,0.874618,0.861685,0.235753,0.882015,0.800415,-0.074057,0.803449,0.841229,-0.141752,0.994994,0.510568,-0.1297,1.07824,0.121812,-0.156758,1.1868,0.0767504,0.0650348,0.834305,0.837657,-0.095719,0.881773,0.532762,-0.0385132,0.597888,0.248997,-0.0587917,0.728969,0.203914
0.00860791,0.834055,0.834339,-0.0343241,0.883745,1.14094,-0.0704519,0.924462,1.36526,-0.0529513,0.986677,1.58485,-0.227712,0.907774,1.31384,-0.323956,0.828931,1.07345,-0.372865,0.847617,0.828296,-0.37636,0.853802,0.752787,0.110892,0.937395,1.32961,0.206061,0.841004,1.07389,0.2327,0.903476,0.861698,0.233235,0.92166,0.804979,-0.08623,0.852927,0.838254,-0.145733,1.04119,0.490248,-0.129002,1.0793,0.122303,-0.156152,1.18647,0.0756754,0.0555804,0.881827,0.835365,-0.101549,0.896985,0.52926,-0.0403825,0.611798,0.247879,-0.0679407,0.742956,0.203518
0.000283571,0.861359,0.837224,-0.0419925,0.908526,1.14359,-0.0789848,0.952316,1.36783,-0.0664225,1.01979,1.58553,-0.237264,0.941178,1.31557,-0.324321,0.863147,1.07461,-0.379705,0.88974,0.817355,-0.378565,0.887475,0.754042,0.107195,0.95961,1.33723,0.19802,0.886764,1.07686,0.225116,0.947871,0.864336,0.229216,0.959063,0.807887,-0.0939059,0.879176,0.841058,-0.147548,1.05583,0.500132,-0.129536,1.08213,0.123531,-0.155838,1.18648,0.0749758,0.04599,0.911412,0.838325,-0.121303,0.952052,0.535835,-0.0433315,0.66277,0.263762,-0.067652,0.793905,0.219287
-0.0063883,0.893779,0.844601,-0.051345,0.940385,1.15236,-0.089522,0.981392,1.37696,-0.0753828,1.04763,1.59507,-0.245692,0.966752,1.3194,-0.325121,0.897915,1.07777,-0.377525,0.923487,0.832942,-0.376803,0.924172,0.758664,0.100729,0.993964,1.34951,0.195795,0.910221,1.08584,0.221619,0.979831,0.875224,0.221798,0.994354,0.817566,-0.100855,0.911314,0.847565,-0.15048,1.06455,0.500112,-0.130285,1.08432,0.124459,-0.15514,1.18704,0.0735226,0.0394855,0.943075,0.846235,-0.0988475,0.94369,0.53379,-0.0283477,0.657248,0.256224,-0.055098,0.788327,0.212052
-0.00892632,0.913577,0.850392,-0.0545526,0.961873,1.15887,-0.0935849,1.00534,1.38433,-0.0841532,1.0766,1.59997,-0.252169,0.992223,1.326,-0.324166,0.928103,1.08664,-0.374019,0.970619,0.836294,-0.371938,0.9713,0.769705,0.0873847,1.02917,1.3573,0.189811,0.946888,1.09708,0.21424,1.01399,0.885447,0.213452,1.02756,0.827756,-0.104056,0.930879,0.8531,-0.153417,1.06939,0.502635,-0.130997,1.08618,0.126875,-0.155055,1.18715,0.0733586,0.037303,0.963339,0.852239,-0.086366,0.947848,0.537123,-0.0235978,0.679097,0.239436,-0.0533124,0.809543,0.194993
-0.00961398,0.933906,0.860955,-0.055849,0.982855,1.16911,-0.0953187,1.02627,1.39405,-0.086158,1.09727,1.61008,-0.255606,1.0198,1.33299,-0.324221,0.959826,1.09987,-0.367277,1.01892,0.859094,-0.367364,1.02186,0.77935,0.0881127,1.04182,1.36275,0.186257,0.96562,1.10596,0.210175,1.04072,0.896492,0.207833,1.05793,0.841866,-0.103848,0.949409,0.860513,-0.155598,1.07579,0.502408,-0.130443,1.0873,0.128155,-0.153427,1.18863,0.0723096,0.0352668,0.985375,0.866007,0.0843941,0.923791,0.55851,0.0463336,0.674381,0.235159,0.0203091,0.804823,0.190729
-0.0121757,0.95481,0.862786,-0.0586457,1.00566,1.17406,-0.0983851,1.05089,1.40157,-0.0870349,1.11993,1.61785,-0.25959,1.04555,1.3395,-0.331103,0.993488,1.11063,-0.362169,1.06596,0.856786,-0.357293,1.0776,0.779917,0.0871992,1.06701,1.37116,0.180612,0.991031,1.11771,0.203782,1.07113,0.909684,0.20151,1.09185,0.852735,-0.104998,0.971874,0.862511,-0.155923,1.0804,0.500402,-0.129937,1.08867,0.129311,-0.15181,1.18857,0.0708164,0.031234,1.0044,0.867394,0.0772395,0.942157,0.559261,0.0367529,0.707074,0.224927,0.0109818,0.837283,0.180428
-0.0143301,0.98413,0.868843,-0.0609322,1.02836,1.1804,-0.100673,1.06884,1.40765,-0.0884094,1.14254,1.62278,-0.262144,1.07025,1.3454,-0.336324,1.02495,1.12121,-0.351199,1.10243,0.873941,-0.347833,1.12832,0.797849,0.0862795,1.08497,1.3793,0.179602,1.00979,1.12216,0.199884,1.09824,0.916701,0.197977,1.11938,0.863866,-0.108302,1.00614,0.871082,-0.155736,1.08276,0.499832,-0.129433,1.08897,0.130253,-0.151144,1.18516,0.0707386,0.0296391,1.02878,0.871006,0.0741725,0.9711,0.535297,0.0251681,0.749261,0.192406,0.00111791,0.879906,0.1495
-0.00796949,1.00613,0.872098,-0.0596554,1.05237,1.18524,-0.103544,1.0945,1.41384,-0.0880939,1.16152,1.63032,-0.26248,1.09122,1.34998,-0.342373,1.05148,1.13413,-0.348961,1.15023,0.892868,-0.342206,1.18128,0.811209,0.083978,1.10222,1.38391,0.179853,1.02824,1.12894,0.198561,1.11599,0.922968,0.196321,1.14283,0.869673,-0.102499,1.02565,0.873265,-0.156427,1.08704,0.502419,-0.1289,1.08839,0.13072,-0.150469,1.18343,0.0701173,0.0360609,1.05246,0.875027,0.0675967,0.993944,0.522506,0.0165505,0.794894,0.165315,0.0642874,0.825819,0.0682329
0.00207439,1.02866,0.876399,-0.0543899,1.07014,1.1896,-0.101061,1.10866,1.41799,-0.0857376,1.18039,1.63466,-0.261116,1.11195,1.35407,-0.346661,1.07941,1.14279,-0.344853,1.19683,0.90095,-0.340306,1.23742,0.825936,0.0858944,1.11162,1.38676,0.178717,1.04635,1.1331,0.195812,1.13733,0.928178,0.193432,1.16375,0.872556,-0.0922658,1.05287,0.875578,-0.156607,1.09069,0.505527,-0.127568,1.08606,0.13234,-0.149409,1.17822,0.0682872,0.0454801,1.07062,0.880799,0.0625072,1.02323,0.512038,0.0126852,0.82348,0.155145,0.0595964,0.935072,0.0926993
0.00619564,1.04164,0.877256,-0.0513142,1.08591,1.19196,-0.0992822,1.12618,1.42158,-0.0828226,1.19508,1.63735,-0.25979,1.13507,1.35894,-0.350079,1.11119,1.14565,-0.351819,1.23831,0.930777,-0.333525,1.28473,0.847101,0.0820778,1.13271,1.3925,0.17818,1.06072,1.13415,0.19493,1.15279,0.929633,0.191184,1.18171,0.87655,-0.0885491,1.06748,0.875136,-0.156305,1.09346,0.504237,-0.126971,1.08545,0.132594,-0.149721,1.17687,0.0678305,0.0495747,1.08134,0.882865,0.0563113,1.04847,0.490613,0.0536131,0.975094,0.111317,0.0984263,1.02275,0.0598499
0.00489425,1.05748,0.876892,-0.0507654,1.10106,1.19325,-0.0974505,1.14077,1.42395,-0.0780859,1.21194,1.64199,-0.25687,1.15127,1.36159,-0.350755,1.13808,1.15158,-0.34405,1.26894,0.94229,-0.326192,1.33094,0.859707,0.0839043,1.14302,1.39467,0.17828,1.07896,1.13503,0.194737,1.16342,0.927572,0.192141,1.19399,0.876862,-0.090424,1.0838,0.874934,-0.147084,1.0965,0.492064,-0.126232,1.08502,0.132954,-0.149431,1.17507,0.0678764,0.0486583,1.09615,0.882543,0.0535057,1.07392,0.47515,0.0487017,0.998106,0.110891,0.0883236,1.07117,0.0667946
0.00113873,1.07306,0.878425,-0.0514281,1.11714,1.19569,-0.0958073,1.15735,1.42704,-0.0728479,1.23006,1.6447,-0.25471,1.16972,1.3647,-0.345605,1.16393,1.15445,-0.341433,1.30774,0.958673,-0.322338,1.37285,0.874783,0.0849675,1.15832,1.39852,0.178425,1.09405,1.13305,0.193806,1.17727,0.925045,0.189766,1.20737,0.876632,-0.0947444,1.10162,0.877563,-0.133603,1.09665,0.457182,-0.126068,1.08505,0.132764,-0.150201,1.17443,0.0685926,0.0452751,1.10956,0.883155,0.0472136,1.10881,0.475321,0.0508245,1.05247,0.11362,0.0845058,1.13195,0.0693287
-0.000338617,1.08631,0.879674,-0.0514778,1.13292,1.1977,-0.0947083,1.17478,1.42959,-0.0679959,1.24459,1.64521,-0.251418,1.18936,1.36681,-0.345917,1.1983,1.15698,-0.336746,1.34138,0.968842,-0.316304,1.40975,0.885554,0.0870198,1.17058,1.3997,0.179972,1.10459,1.13094,0.193484,1.18695,0.92245,0.190747,1.21544,0.875476,-0.0964395,1.1153,0.878168,-0.141658,1.10512,0.477317,-0.125662,1.08594,0.134242,-0.149181,1.1722,0.0688038,0.0438585,1.12207,0.884948,0.0477159,1.14718,0.489935,0.0511819,1.09254,0.125741,0.0597066,1.18342,0.0727766
-0.00356064,1.1045,0.880324,-0.0507546,1.14875,1.19834,-0.0914907,1.18922,1.43012,-0.0619258,1.25857,1.64621,-0.247633,1.20887,1.36704,-0.345024,1.21955,1.1583,-0.329321,1.37882,0.968183,-0.306552,1.44517,0.890704,0.0893215,1.18957,1.39757,0.181321,1.12013,1.1287,0.193733,1.19825,0.91868,0.190665,1.22406,0.871831,-0.0997574,1.1359,0.879223,-0.141536,1.10629,0.478646,-0.124827,1.08648,0.134843,-0.148563,1.17182,0.0692922,0.0405398,1.13779,0.885236,0.0488797,1.1676,0.483316,0.0540008,1.12537,0.126249,0.0622596,1.21416,0.0727061
-0.00229237,1.11932,0.881245,-0.0476322,1.16365,1.1997,-0.0869193,1.20367,1.43172,-0.0535002,1.27396,1.64517,-0.242025,1.22779,1.36768,-0.341917,1.24269,1.1599,-0.318317,1.42747,0.962291,-0.295445,1.47976,0.891875,0.0913339,1.20325,1.3977,0.183492,1.14372,1.12298,0.193862,1.20484,0.907975,0.191715,1.22989,0.867065,-0.0983238,1.15267,0.88066,-0.141901,1.11242,0.483943,-0.1236,1.08783,0.137802,-0.138801,1.17267,0.0716572,0.0413799,1.15041,0.885659,0.0520557,1.19781,0.481716,0.0540837,1.15776,0.128675,0.0672968,1.23283,0.0677377
0.000173429,1.14002,0.881188,-0.0423306,1.18098,1.20032,-0.0796063,1.2189,1.43275,-0.0452854,1.28826,1.64497,-0.235581,1.2427,1.36782,-0.336658,1.26067,1.16053,-0.315506,1.43549,0.966191,-0.287496,1.5022,0.900786,0.0961353,1.21646,1.40019,0.185421,1.15051,1.12619,0.198443,1.21989,0.913581,0.196868,1.24019,0.861085,-0.0946455,1.1742,0.88172,-0.144241,1.12167,0.488845,-0.122521,1.08835,0.139207,-0.140092,1.17193,0.072644,0.0422882,1.16992,0.884518,0.0578813,1.22182,0.482106,0.0565221,1.19027,0.122709,0.068528,1.27212,0.0663346
0.0056306,1.16402,0.877774,-0.0359213,1.20231,1.19892,-0.072585,1.23775,1.43266,-0.0357977,1.30274,1.64541,-0.229192,1.26087,1.36765,-0.333878,1.28162,1.16199,-0.306987,1.46294,0.969916,-0.27823,1.52417,0.902524,0.099482,1.23731,1.39516,0.191016,1.17494,1.12096,0.200958,1.22562,0.903683,0.201083,1.25142,0.855333,-0.0886942,1.19743,0.879043,-0.144936,1.1413,0.491624,-0.121487,1.09077,0.142703,-0.126916,1.17594,0.073437,0.0466517,1.19412,0.880445,0.0604289,1.24089,0.482198,0.0536444,1.20306,0.127403,0.067196,1.27851,0.0675389
0.0123954,1.18475,0.873999,-0.0283542,1.21871,1.19699,-0.064418,1.25132,1.43191,-0.0235134,1.31897,1.64363,-0.222332,1.27412,1.36656,-0.327139,1.30287,1.16134,-0.301536,1.47209,0.970968,-0.270984,1.53795,0.9055,0.106859,1.2517,1.39329,0.195521,1.18533,1.11916,0.20585,1.23649,0.901998,0.207673,1.26244,0.847261,-0.0822599,1.21639,0.876189,-0.141739,1.17347,0.488328,-0.120376,1.09363,0.141429,-0.128674,1.17679,0.0730685,0.0532439,1.21628,0.875828,0.0610535,1.25946,0.473316,0.0537691,1.21685,0.124392,0.0715612,1.28127,0.0609777
0.010058,1.20353,0.871279,-0.0243164,1.23705,1.19547,-0.0551699,1.27002,1.4313,-0.0114057,1.33341,1.64321,-0.212353,1.29508,1.36671,-0.320063,1.31725,1.16237,-0.292315,1.49184,0.966566,-0.26397,1.55037,0.900955,0.117379,1.26918,1.39071,0.205232,1.20251,1.11635,0.215167,1.26052,0.900591,0.214555,1.27732,0.84098,-0.0846072,1.23507,0.874587,-0.138051,1.2058,0.472437,-0.118755,1.10396,0.136313,-0.129202,1.18282,0.0686697,0.0506424,1.23487,0.872142,0.0622414,1.26847,0.469789,0.0527388,1.22296,0.123607,0.0717978,1.28138,0.0584389
0.025967,1.23957,0.868289,-0.0114113,1.26291,1.19454,-0.0449996,1.2878,1.43158,-0.00419148,1.34166,1.64312,-0.203397,1.31064,1.36578,-0.311479,1.33051,1.16145,-0.290176,1.49503,0.966667,-0.259937,1.55422,0.89646,0.120614,1.28667,1.39166,0.208266,1.22026,1.11707,0.224762,1.29256,0.863411,0.221903,1.29536,0.819781,-0.0701362,1.26724,0.870653,-0.13442,1.25368,0.469988,-0.117242,1.11846,0.126969,-0.131574,1.19379,0.0571301,0.0670744,1.27411,0.870363,0.0648985,1.277,0.462711,0.0531572,1.22662,0.11886,0.0736028,1.28473,0.0544728
0.0303068,1.2639,0.868326,-0.00273883,1.2837,1.19502,-0.0331287,1.30583,1.43253,0.016059,1.3667,1.6436,-0.193324,1.3254,1.3674,-0.302088,1.34037,1.1632,-0.284678,1.5022,0.962347,-0.257384,1.55365,0.888495,0.130841,1.30084,1.39401,0.218106,1.23389,1.11939,0.225168,1.29644,0.862726,0.22743,1.31096,0.816314,-0.0657993,1.29413,0.871773,-0.141973,1.3102,0.474712,-0.121852,1.13486,0.122677,-0.143422,1.21113,0.0531339,0.0708621,1.29535,0.869395,0.0702266,1.28957,0.465116,0.0530221,1.22745,0.118435,0.072291,1.28913,0.0548274
0.0406498,1.2905,0.869034,0.00906099,1.30604,1.19452,-0.0204268,1.32452,1.43129,0.0270426,1.3805,1.64451,-0.18483,1.34062,1.36812,-0.29319,1.34781,1.16332,-0.280404,1.50435,0.956124,-0.25706,1.54838,0.880321,0.152401,1.31978,1.39086,0.239434,1.25256,1.11625,0.228562,1.31005,0.86359,0.233369,1.32682,0.812799,-0.0577294,1.32071,0.872565,-0.142602,1.36024,0.486078,-0.127278,1.17205,0.129496,-0.140323,1.21907,0.0502336,0.0828316,1.32128,0.869901,0.0801093,1.31124,0.465639,0.0531149,1.22859,0.116978,0.0728789,1.28972,0.0534209
0.0608964,1.31489,0.868484,0.0241495,1.3271,1.19516,-0.00862872,1.34297,1.4326,0.0358665,1.39503,1.64294,-0.176226,1.35878,1.36711,-0.285095,1.355,1.15978,-0.276081,1.49526,0.951649,-0.25694,1.53762,0.872582,0.161943,1.33738,1.38663,0.248901,1.2701,1.11202,0.244767,1.33759,0.84475,0.239018,1.34453,0.800325,-0.0395385,1.34318,0.871138,-0.147842,1.41342,0.505649,-0.129207,1.21264,0.148469,-0.0854284,1.28583,0.074043,0.104322,1.34678,0.870289,0.0939692,1.32926,0.468221,0.0523106,1.22981,0.116209,0.072539,1.29033,0.0527531
0.064682,1.3388,0.869289,0.0322722,1.35239,1.19521,0.00273428,1.36921,1.43208,0.0574719,1.42998,1.63962,-0.168887,1.37932,1.36746,-0.279696,1.36191,1.15815,-0.273711,1.49155,0.943932,-0.258608,1.52503,0.862041,0.173813,1.36397,1.38337,0.260606,1.29648,1.10872,0.244878,1.34832,0.87643,0.24623,1.36176,0.803615,-0.0355937,1.36567,0.871535,-0.143355,1.45237,0.508901,-0.11391,1.27247,0.140823,-0.117384,1.33115,0.0667851,0.107377,1.37162,0.871467,0.111762,1.3509,0.4805,0.0523235,1.23815,0.116406,0.0747084,1.3091,0.059679
0.0607446,1.37165,0.871696,0.0349624,1.37884,1.19655,0.00927733,1.3918,1.43274,0.0656897,1.45023,1.63686,-0.162109,1.40373,1.36858,-0.273599,1.37482,1.15219,-0.27176,1.4916,0.919603,-0.246866,1.50695,0.855273,0.181298,1.38533,1.38326,0.267984,1.31769,1.10854,0.253456,1.37239,0.85485,0.252964,1.38249,0.797625,-0.0394668,1.3972,0.873451,-0.140013,1.49776,0.4987,-0.110947,1.33938,0.130724,-0.111466,1.40504,0.0608925,0.102847,1.40525,0.874306,0.113276,1.37345,0.502079,0.0647699,1.26559,0.118238,0.0751997,1.31876,0.0475969
0.0653671,1.38988,0.868695,0.0409832,1.40354,1.19454,0.0166349,1.42019,1.43161,0.0759385,1.47922,1.63475,-0.157456,1.42709,1.36849,-0.270168,1.38738,1.14929,-0.274441,1.49099,0.917939,-0.246272,1.49716,0.851406,0.188972,1.41467,1.38218,0.275512,1.34682,1.10736,0.254573,1.38426,0.866083,0.259331,1.40604,0.794362,-0.0344217,1.41234,0.870841,-0.131441,1.54349,0.511656,-0.0998283,1.42832,0.118687,-0.135804,1.50621,0.0535562,0.106504,1.4265,0.870996,0.116217,1.38226,0.500235,0.0699535,1.27712,0.113284,0.0741823,1.32164,0.0383293
0.0600081,1.40748,0.862121,0.0401262,1.42684,1.18923,0.0198446,1.44886,1.42702,0.0759501,1.49874,1.63264,-0.154431,1.4559,1.36534,-0.271021,1.40774,1.1439,-0.283835,1.4926,0.91499,-0.291944,1.50042,0.841284,0.1936,1.44535,1.37772,0.244114,1.40178,1.0857,0.25879,1.42102,0.852403,0.261902,1.43313,0.791296,-0.037812,1.42843,0.866483,-0.127996,1.56984,0.510417,-0.104149,1.51835,0.108457,-0.126882,1.60464,0.049818,0.0988113,1.44519,0.862272,0.0404998,1.29791,0.448473,0.0423366,1.24105,0.148518,0.0432873,1.29537,0.0532073
0.0556187,1.42646,0.853478,0.038712,1.45448,1.18053,0.0205719,1.4822,1.4185,0.0816601,1.55371,1.62256,-0.154618,1.48381,1.35885,-0.272849,1.43234,1.13509,-0.299145,1.49993,0.902425,-0.308808,1.50557,0.829323,0.177091,1.49081,1.35507,0.24219,1.42016,1.07388,0.259067,1.44387,0.845416,0.261458,1.4614,0.786875,-0.0422539,1.44663,0.858825,-0.123118,1.61474,0.493075,-0.099542,1.61731,0.102251,-0.138617,1.71185,0.0535212,0.0944416,1.4644,0.853216,0.0429581,1.3082,0.443321,0.0446565,1.24798,0.144225,0.0187757,1.37598,0.105888
0.0538,1.44435,0.849008,0.0370331,1.48163,1.17384,0.018327,1.51632,1.40968,0.0809338,1.58051,1.61631,-0.154528,1.51626,1.35092,-0.274694,1.45623,1.12255,-0.317311,1.51376,0.891238,-0.324987,1.51674,0.817722,0.172613,1.51427,1.35379,0.240194,1.45169,1.07091,0.260266,1.47057,0.851172,0.258499,1.49033,0.782819,-0.0449925,1.46612,0.855159,-0.113656,1.65275,0.470524,-0.0956561,1.69067,0.105042,-0.127931,1.78911,0.0581249,0.0932123,1.48063,0.848202,0.0473146,1.31997,0.44031,0.045778,1.2526,0.142985,0.0446689,1.29738,0.0657846
0.0559244,1.47915,0.846019,0.0362608,1.51896,1.16771,0.0148998,1.55419,1.40131,0.0778583,1.62676,1.60281,-0.155794,1.55041,1.34089,-0.278332,1.47999,1.1163,-0.329971,1.52888,0.880973,-0.34097,1.53425,0.807892,0.172153,1.55586,1.34538,0.239356,1.48875,1.06366,0.256831,1.50095,0.843414,0.255601,1.51889,0.777532,-0.0451092,1.497,0.854339,-0.111885,1.66429,0.482619,-0.10273,1.77056,0.122571,-0.130409,1.89334,0.0859449,0.0971695,1.51875,0.842963,0.0513742,1.33834,0.444959,0.0467128,1.2631,0.149764,0.0626889,1.30817,0.0635614
0.0585716,1.50596,0.840313,0.0351684,1.55169,1.1588,0.0103389,1.59258,1.3896,0.0668966,1.66989,1.59223,-0.160222,1.5839,1.33147,-0.285038,1.50873,1.11018,-0.345512,1.55028,0.872513,-0.354702,1.5539,0.794418,0.166872,1.59391,1.33342,0.247044,1.5221,1.05747,0.255467,1.54383,0.836629,0.251825,1.55159,0.773377,-0.0430707,1.5246,0.85045,-0.127176,1.67977,0.543461,-0.108396,1.8315,0.14964,-0.138064,1.95304,0.111799,0.0997114,1.54385,0.835949,0.0530644,1.35029,0.445233,0.046718,1.26631,0.15263,0.0662117,1.3096,0.0632331
0.0628405,1.5297,0.826551,0.0336142,1.58493,1.14566,0.00370333,1.63316,1.37791,0.0567427,1.71077,1.58127,-0.168622,1.62107,1.32012,-0.293928,1.5392,1.10201,-0.356516,1.57185,0.862024,-0.367071,1.57914,0.787301,0.156458,1.64419,1.32336,0.242657,1.55586,1.05552,0.250401,1.57055,0.834309,0.249366,1.58408,0.768156,-0.0373181,1.54277,0.840407,-0.134991,1.71488,0.543883,-0.114977,1.85487,0.146062,-0.148603,1.97512,0.106873,0.101429,1.57359,0.818325,0.0544556,1.36804,0.435054,0.0453139,1.24221,0.106981,0.0823841,1.3121,0.0602685
0.0536023,1.5798,0.814851,0.0224882,1.63413,1.13339,-0.00775046,1.68014,1.36491,0.0394096,1.74675,1.57238,-0.176509,1.66077,1.30983,-0.300319,1.56767,1.0958,-0.367611,1.59959,0.851757,-0.377417,1.60563,0.780505,0.152042,1.67664,1.31883,0.235769,1.60041,1.04555,0.247617,1.61219,0.824704,0.244876,1.62199,0.766107,-0.0420169,1.59008,0.829033,-0.144591,1.76795,0.536783,-0.119828,1.88762,0.133396,-0.151158,2.00765,0.0948866,0.0875296,1.62345,0.807832,0.0542152,1.39659,0.438717,0.0466773,1.24878,0.109701,0.0835224,1.31271,0.0601498
0.0463724,1.60961,0.812775,0.0154152,1.66615,1.12909,-0.0149095,1.71434,1.35868,0.0268845,1.79645,1.55625,-0.181596,1.69306,1.30217,-0.304796,1.59814,1.08783,-0.373883,1.61893,0.842795,-0.382543,1.63013,0.772875,0.141248,1.72896,1.30587,0.234788,1.63569,1.043,0.245992,1.64883,0.822108,0.244484,1.65811,0.763379,-0.0517214,1.6169,0.827855,-0.137487,1.7975,0.533351,-0.116993,1.90118,0.125622,-0.0962253,1.93629,0.0625675,0.0821899,1.65793,0.804653,0.0572346,1.42416,0.440553,0.0468045,1.25196,0.111132,0.0839929,1.31325,0.0598263
0.0108602,1.66619,0.815333,-0.0082175,1.71844,1.12778,-0.0297795,1.76289,1.35441,0.0118272,1.83609,1.5538,-0.190085,1.73426,1.29752,-0.309032,1.63155,1.07668,-0.381231,1.65238,0.82766,-0.386277,1.65727,0.769169,0.130739,1.77276,1.29937,0.226829,1.67821,1.03807,0.244662,1.6974,0.818171,0.241434,1.69764,0.760857,-0.0953554,1.67363,0.833889,-0.132007,1.83426,0.525058,-0.108634,1.917,0.113433,-0.0863369,1.93129,0.0509666,0.0542628,1.71265,0.803973,0.0560883,1.46784,0.450285,0.0483301,1.2559,0.111729,0.0845103,1.31398,0.0592536
0.00332437,1.69083,0.815202,-0.0162697,1.7469,1.12739,-0.0383307,1.79432,1.35373,-0.0028606,1.883,1.54812,-0.195543,1.76699,1.29774,-0.312325,1.66891,1.07355,-0.384938,1.68229,0.824343,-0.388281,1.68614,0.765484,0.114172,1.82108,1.29893,0.213468,1.72389,1.04004,0.239993,1.73638,0.821218,0.24067,1.73932,0.762011,-0.102144,1.69408,0.834344,-0.140191,1.86394,0.529579,-0.110863,1.92636,0.11539,-0.0830115,1.9331,0.0579226,0.0455498,1.74139,0.803245,0.0602107,1.49829,0.44996,0.0524072,1.26405,0.110468,0.0883933,1.3158,0.0554717
-0.0481506,1.72339,0.826231,-0.0447402,1.78239,1.13496,-0.0498258,1.82765,1.35813,-0.00655757,1.9188,1.54614,-0.200874,1.80141,1.30045,-0.316483,1.70237,1.07059,-0.383472,1.72002,0.834917,-0.386572,1.72095,0.76817,0.111546,1.84465,1.30006,0.211886,1.75536,1.03823,0.239184,1.7787,0.820027,0.238552,1.78094,0.765924,-0.158333,1.72909,0.844932,-0.129772,1.90857,0.534341,-0.106813,1.90602,0.14754,-0.147487,2.02512,0.108852,-0.000963703,1.77141,0.814571,0.0651388,1.51832,0.4821,0.0518376,1.28189,0.114151,0.0893685,1.3236,0.0580022
-0.046685,1.73945,0.826334,-0.0468454,1.80249,1.13663,-0.0559545,1.85688,1.36172,-0.0142066,1.94922,1.54663,-0.206585,1.83269,1.30546,-0.320229,1.73639,1.07936,-0.382908,1.76192,0.840674,-0.385542,1.76226,0.776868,0.0943438,1.88729,1.30744,0.203417,1.79582,1.0505,0.237855,1.8208,0.833727,0.238022,1.823,0.761937,-0.156999,1.74238,0.844793,-0.130226,1.91805,0.528983,-0.108538,1.91016,0.144557,-0.102474,1.96022,0.0775078,0.000237756,1.79005,0.814991,0.0493184,1.56808,0.468035,0.0519385,1.33073,0.131858,0.085673,1.37727,0.0640187
-0.0448456,1.77065,0.82995,-0.0490778,1.83504,1.14247,-0.060241,1.88679,1.36837,-0.0167437,1.97599,1.54851,-0.210291,1.86058,1.31091,-0.327556,1.7753,1.08727,-0.37858,1.8043,0.850581,-0.383337,1.80772,0.781841,0.0895349,1.90896,1.30856,0.19993,1.82575,1.0489,0.234993,1.85396,0.832544,0.232696,1.86387,0.787148,-0.156008,1.77316,0.847513,-0.13496,1.92648,0.536028,-0.109831,1.91118,0.144509,-0.101795,1.96118,0.0782988,0.00223037,1.82051,0.819359,0.0445897,1.57025,0.477781,0.0485519,1.36765,0.118325,0.0979648,1.42093,0.057632
-0.0476494,1.79033,0.831998,-0.0519911,1.85546,1.14628,-0.0633269,1.90932,1.37373,-0.0205878,2.00071,1.55383,-0.215461,1.89132,1.31891,-0.332876,1.80677,1.09519,-0.381729,1.85221,0.861508,-0.384888,1.85686,0.791415,0.0802225,1.93843,1.31526,0.192008,1.8543,1.05645,0.231052,1.8887,0.841611,0.229838,1.89959,0.79757,-0.15793,1.78854,0.848585,-0.137618,1.93505,0.538634,-0.110604,1.91266,0.143711,-0.103288,1.96574,0.0783026,-0.00202505,1.84469,0.822552,0.0355589,1.62485,0.479268,0.0499334,1.42359,0.119584,0.0834615,1.49609,0.0554382
-0.0466455,1.81785,0.833975,-0.052539,1.88149,1.15086,-0.0649458,1.93378,1.37986,-0.0213502,2.02085,1.5564,-0.2179,1.91521,1.32379,-0.338569,1.8447,1.10065,-0.385165,1.90361,0.865625,-0.381269,1.90712,0.787592,0.0777012,1.95874,1.3207,0.191243,1.88205,1.05991,0.231769,1.90866,0.844607,0.229251,1.92733,0.810628,-0.156454,1.81839,0.849656,-0.137447,1.9396,0.531446,-0.110684,1.91275,0.143641,-0.105101,1.96927,0.0788541,-0.00188999,1.86852,0.825142,0.0394234,1.65776,0.452379,0.0511292,1.4734,0.109235,0.0893177,1.52956,0.0567445
-0.0458382,1.84908,0.838611,-0.0540852,1.90627,1.15679,-0.0679699,1.95439,1.38645,-0.0222737,2.04014,1.5599,-0.221165,1.94022,1.32775,-0.342159,1.88023,1.10572,-0.382226,1.94707,0.872649,-0.378004,1.96024,0.798956,0.065386,1.9845,1.32886,0.186021,1.9051,1.07267,0.231095,1.9298,0.858284,0.230549,1.94917,0.81751,-0.156057,1.84874,0.854036,-0.137984,1.94413,0.529621,-0.110281,1.91312,0.14286,-0.104831,1.97005,0.0782188,-0.0013684,1.89983,0.829956,0.0343499,1.6886,0.455707,0.0558147,1.54056,0.0997052,0.0668829,1.61115,0.0404183
0.000801293,1.89463,0.843226,-0.0350481,1.93787,1.16262,-0.0649739,1.97432,1.39211,-0.0239734,2.05963,1.56386,-0.223331,1.96446,1.33163,-0.343732,1.91387,1.11036,-0.377994,1.99928,0.887631,-0.374293,2.01584,0.806855,0.0637314,1.99846,1.33322,0.185589,1.92263,1.07632,0.232413,1.94552,0.862259,0.229897,1.96814,0.825111,-0.110103,1.89642,0.847076,-0.141551,1.94876,0.512866,-0.109981,1.91339,0.142279,-0.100875,1.96074,0.0757877,0.0442531,1.94091,0.845878,0.0866557,1.73418,0.469089,0.0556048,1.60417,0.0960767,0.0180076,1.72645,0.0570536
0.0098497,1.89692,0.842103,-0.0292186,1.94522,1.16324,-0.0630778,1.9891,1.39532,-0.0245272,2.07185,1.5659,-0.225863,1.98376,1.33308,-0.347236,1.9471,1.11598,-0.369444,2.04006,0.899153,-0.367816,2.07032,0.816485,0.0622554,2.01576,1.33744,0.187612,1.93501,1.08425,0.232277,1.95604,0.869426,0.230791,1.9783,0.835141,-0.0945605,1.90068,0.844622,-0.143309,1.95296,0.510564,-0.109736,1.91405,0.143706,-0.101021,1.95779,0.0760279,0.0484619,1.94167,0.84563,0.0263098,1.77091,0.43912,0.0478501,1.69098,0.146102,0.0103216,1.81194,0.105569
0.0128568,1.90136,0.841542,-0.0262735,1.9559,1.16391,-0.0626747,2.00362,1.39741,-0.0261674,2.0857,1.57002,-0.227166,2.00473,1.3339,-0.350798,1.98235,1.12102,-0.369453,2.09577,0.904516,-0.364465,2.12456,0.827488,0.0613604,2.03041,1.33973,0.187142,1.95054,1.08638,0.233549,1.96675,0.871768,0.226342,1.9872,0.842831,-0.0921446,1.90577,0.844218,-0.142525,1.95709,0.510159,-0.109108,1.91359,0.143736,-0.100734,1.95719,0.0758683,0.0511038,1.94482,0.845137,0.0269366,1.77912,0.436025,0.0398889,1.75061,0.131118,0.0766378,1.80039,0.0390484
0.0145444,1.91063,0.839898,-0.025065,1.96898,1.16442,-0.0625269,2.01798,1.39957,-0.0314158,2.09723,1.57681,-0.227137,2.02222,1.33572,-0.35337,2.01509,1.11843,-0.36545,2.14409,0.908806,-0.355818,2.17585,0.833947,0.0610635,2.04496,1.34231,0.186846,1.96475,1.089,0.236677,1.9787,0.871397,0.232764,1.98903,0.823736,-0.0909923,1.91668,0.84356,-0.140791,1.96103,0.509114,-0.107983,1.9135,0.143773,-0.0353785,1.94229,0.0815072,0.0526458,1.95219,0.842875,0.0817416,1.95078,0.517491,0.0370794,1.79251,0.134179,0.0814141,1.87667,0.0637673
0.11699,1.9388,0.840337,0.0196345,2.0063,1.16438,-0.0513233,2.05572,1.40076,-0.030894,2.1286,1.58823,-0.225634,2.07358,1.33277,-0.340619,2.10087,1.11,-0.334827,2.25157,0.93845,-0.333421,2.28557,0.895767,0.0645159,2.08468,1.34389,0.1904,2.005,1.09031,0.238725,1.99902,0.863756,0.258713,1.99479,0.788518,0.014161,1.93108,0.835053,-0.120239,1.97373,0.501073,-0.100117,1.91347,0.139429,-0.0833188,1.96742,0.0793255,0.149947,1.99095,0.851987,0.0681874,2.0056,0.485155,0.0116669,2.00362,0.0983516,-0.0201042,2.11937,0.0577438
0.0174115,1.99575,0.804682,-0.0195118,2.0442,1.14843,-0.0538149,2.07292,1.39844,-0.0279797,2.14148,1.58752,-0.221373,2.09149,1.32918,-0.332878,2.12956,1.10986,-0.319993,2.29263,0.950526,-0.330837,2.30262,0.926066,0.0663068,2.09642,1.34371,0.192144,2.01665,1.09011,0.240067,2.00743,0.868354,0.259936,2.00215,0.794714,-0.0711312,1.98722,0.811051,-0.126314,1.97633,0.479627,-0.0934422,1.90051,0.0725476,-0.118461,2.01866,0.0345672,0.0364201,2.04884,0.806703,0.0636232,2.02617,0.482265,0.0808673,1.99969,0.14159,0.0500758,2.11744,0.103723
0.0108927,2.00502,0.795603,-0.0207429,2.04935,1.14471,-0.0532025,2.08511,1.39475,-0.0235768,2.15465,1.58466,-0.214401,2.10984,1.3246,-0.326641,2.14756,1.11012,-0.285703,2.3422,0.966963,-0.264315,2.40342,0.928601,0.0697831,2.10841,1.34153,0.195556,2.02854,1.08793,0.243112,2.01753,0.869158,0.262874,2.01167,0.796509,-0.0764614,1.98934,0.804691,-0.128794,1.98275,0.472864,-0.0922256,1.8982,0.0683554,-0.114872,2.01557,0.0308297,0.0281099,2.06979,0.794023,0.0655807,2.04461,0.471557,0.0811826,2.01078,0.139468,0.0622553,2.06607,0.0685709
0.00897243,2.01538,0.791269,-0.0211961,2.05849,1.14102,-0.0525731,2.09495,1.39217,-0.0213643,2.16439,1.58256,-0.204453,2.12722,1.31544,-0.320869,2.16368,1.11178,-0.259872,2.36584,0.993633,-0.230294,2.42928,0.96578,0.0715811,2.11765,1.3396,0.197296,2.03768,1.08601,0.244874,2.02646,0.868626,0.264654,2.02056,0.796433,-0.0975031,2.05406,0.784424,-0.128113,1.99068,0.464071,-0.0910832,1.89565,0.0624014,-0.110874,2.01529,0.0232562,0.0354968,2.05523,0.795958,0.0551726,2.05777,0.463927,0.116818,2.03836,0.0550755,0.0913595,2.15468,0.0185207
